Reference,Qty,Value,DNP,Exclude from BOM,Exclude from Board,Footprint,Description,Manufacturer,Manufacturer Part No ,Supplier,Supplier Part No,Supplier Link,
C1,1,1000uF/25V,,,,Capacitor_THT:CP_Radial_D10.0mm_P5.00mm,CAP ALUM POLY 1000UF 20% 25V TH,KEMET,A750MV108M1EAAE014,DigiKey,399-A750MV108M1EAAE014-ND,https://www.digikey.com/en/products/detail/kemet/A750MV108M1EAAE014/13420146,
"C2,C6,C10,C12,C13,C14,C16",7,100n,,,,Capacitor_SMD:C_0402_1005Metric_Pad0.74x0.62mm_HandSolder,CAP CER 100NF 10V X7R 0402,Samsung Electro-Mechanics,CL05B104KP5VPNC,DigiKey,1276-CL05B104KP5VPNCCT-ND,https://www.digikey.com/en/products/detail/samsung-electro-mechanics/CL05B104KP5VPNC/20498482?s=N4IgjCBcoLQExVAYygFwE4FcCmAaEA9lANogCsIAugL74wTQgqQBmAhgDYDOehJ4cAOwA2KtVogEkUmAAMsgHYACWQBZZCGkA,
C3,1,4.7u,,,,Capacitor_SMD:C_0805_2012Metric_Pad1.18x1.45mm_HandSolder,CAP CER 4.7UF 16V X5R 0805,Samsung Electro-Mechanics,CL21A475KOFNNNE,DigiKey,1276-1065-1-ND,https://www.digikey.com/en/products/detail/tdk/C1005X5R1A475K050BC/3951056,https://www.digikey.com/en/products/detail/samsung-electro-mechanics/CL21A475KOFNNNE/3886723
"C4,C5,C8,C9,C11,C15",6,22u,,,,Capacitor_SMD:C_0805_2012Metric_Pad1.18x1.45mm_HandSolder,CAP CER 22UF 16V X5R 0805,Samsung Electro-Mechanics,CL21A226KOQNNNE,DigiKey,1276-6526-1-ND,https://www.digikey.com/en/products/detail/samsung-electro-mechanics/CL21A226KOQNNNE/5961010,
C7,1,4.7u,DNP,Excluded from BOM,,Capacitor_SMD:C_0805_2012Metric_Pad1.18x1.45mm_HandSolder,CAP CER 4.7UF 16V X5R 0805,Samsung Electro-Mechanics,CL21A475KOFNNNE,DigiKey,1276-1065-1-ND,https://www.digikey.com/en/products/detail/samsung-electro-mechanics/CL21A475KOFNNNE/3886723,
D1,1,LL4148,,,,Diode_SMD:D_MiniMELF,SWITCHING DIODE 0.3A 100V SOD-80,Lumimax Optoelectronic Technology,LL4148,DigiKey,4491-LL4148TR-ND,https://www.digikey.com/en/products/detail/lumimax-optoelectronic-technology/LL4148/24769314,
D2,1,YELLOW,,,,LED_SMD:LED_0603_1608Metric_Pad1.05x0.95mm_HandSolder,LED YELLOW 0603 SMD,Vishay Semiconductor Opto Division,TLMY1100-GS15,DigiKey,751-TLMY1100-GS15CT-ND,https://www.digikey.com/en/products/detail/vishay-semiconductor-opto-division/TLMY1100-GS15/16652844,
D3,1,LED_RGBA,,,,LED_SMD:LED_RGB_Wuerth-PLCC4_3.2x2.8mm_150141M173100,LED RGB CLEAR 3528 SMD,Würth Elektronik,150141M173100,DigiKey,732-4998-1-ND,https://www.digikey.com/en/products/detail/w%C3%BCrth-elektronik/150141M173100/4489960?s=N4IgTCBcDaIIwFYAMcAscCycDsBmOSSIAugL5A,
D4,1,LED,,,,LED_SMD:LED_0603_1608Metric_Pad1.05x0.95mm_HandSolder,LED RED 0603 SMD,Vishay Semiconductor Opto Division,VLMS1300-GS08,DigiKey,VLMS1300-GS08CT-ND,https://www.digikey.com/en/products/detail/vishay-semiconductor-opto-division/VLMS1300-GS08/2813354,
F1,1,Fuse,,,,Fuse_1:696105003002,FUSEHOLDER BLOCKS - PCB - CLIP C,Würth Elektronik,6.96E+11,DigiKey,732-11373-ND,https://www.digikey.com/en/products/detail/w%C3%BCrth-elektronik/696105003002/7244557?s=N4IgTCBcDaIGwE44EYAMBWVqDMWIF0BfIA,
F2,1,Polyfuse1A,,,,Fuse:Fuse_1206_3216Metric_Pad1.42x1.75mm_HandSolder,"Polymeric PTC Resettable Fuse 8V 1.1 A Ih Surface Mount 1206 (3216 Metric), Concave",Littelfuse Inc.,1206L110THYR,DigiKey,F3371CT-ND,https://www.digikey.com/en/products/detail/littelfuse-inc/1206L110THYR/2090976,
FB1,1,BLM21PG221,,,,Inductor_SMD:L_0805_2012Metric,FERRITE BEAD 220 OHM 0805 1LN,Murata Electronics,BLM21PG221SN1D,DigiKey,490-1054-1-ND,https://www.digikey.com/en/products/detail/murata-electronics/BLM21PG221SN1D/364909,
"H1,H2,H3,H4",4,MountingHole_Pad,,Excluded from BOM,,MountingHole:MountingHole_3.2mm_M3_Pad_Via,Mounting Hole with connection,,,,,,
J1,1,USB_C_Receptacle_USB2.0_16P,,,,Connector_USB:USB_C_Receptacle_HRO_TYPE-C-31-M-12,CONN RCPT Type-C 16POS SMD,Korean Hroparts Elec,TYPE-C-31-M-12,LCSC,C165948,https://www.lcsc.com/product-detail/USB-Type-C_Korean-Hroparts-Elec-TYPE-C-31-M-12_C165948.html,
J2,1,Conn_01x04,,,,QWIIC CONNECTOR 4P:SPARKFUN_PRT-14417,QWIIC CONNECTOR SMD 4-PIN,SparkFun Electronics,14417,DigiKey,1568-14417-ND,https://www.digikey.com/en/products/detail/sparkfun-electronics/14417/7652746,
J3,1,Screw_Terminal_01x03,,,,TerminalBlock_Phoenix:TerminalBlock_Phoenix_MKDS-3-3-5.08_1x03_P5.08mm_Horizontal,TERM BLK 3P SIDE ENT 5.08MM PCB,Phoenix Contact,1729131,DigiKey,277-1248-ND,https://www.digikey.com/en/products/detail/phoenix-contact/1729131/260616,
J4,1,Screw_Terminal_01x08,,,,"TerminalBlock_Phoenix:TerminalBlock_Phoenix_MKDS-1,5-8_1x08_P5.00mm_Horizontal",TERM BLK 8POS SIDE ENTRY 5MM PCB,Phoenix Contact,1711084,DigiKey,277-1025-ND,https://www.digikey.com/en/products/detail/phoenix-contact/1711084/260393?s=N4IgjCBcoBwJxVAYygMwIYBsDOBTANCAPZQDa4AzAOwAsEAuoQA4AuUIAyiwE4CWAdgHMQAX0JgADFQCsiECkgYcBYmRAAmGGDoSQjEK3Zc%2BQ0YQC06uQp4BXFSUjlZ9MSHMRo8tFjyFH5OpUVHpu5jTWPsr%2Baupg1FaublZOnEjcuADuAAQsuNwAtgJY2aFAA,
J5,1,Screw_Terminal_01x02,,,,"TerminalBlock_Phoenix:TerminalBlock_Phoenix_MKDS-1,5-2_1x02_P5.00mm_Horizontal",TERM BLK 2POS SIDE ENTRY 5MM PCB,Phoenix Contact,1715022,DigiKey,277-1258-ND,https://www.digikey.com/en/products/detail/phoenix-contact/1715022/260626,
J6,1,Conn_02x04_Odd_Even,,,,Connector_PinHeader_2.54mm:PinHeader_2x04_P2.54mm_Vertical,CONN HEADER VERT 8POS 2.54MM,Samtec Inc.,TD-104-T-A,DigiKey,612-TD-104-T-A-ND,https://www.digikey.com/en/products/detail/samtec-inc/TD-104-T-A/1105554,
K1,1,RT314A05,,,,Relay_THT:Relay_SPDT_Schrack-RT1-16A-FormC_RM5mm,"Schrack RT1 relay, bistable single pole dual throw, single DC coil, 5V",TE Connectivity Potter & Brumfield Relays,RT314A05,DigiKey,PB1695-ND,https://www.digikey.com/en/products/detail/te-connectivity-potter-brumfield-relays/RT314A05/1427660?s=N4IgTCBcDaIAoCECMA2AnAVgLQDkAiIAugL5A,
Q1,1,UMH3N,,,,Package_TO_SOT_SMD:SOT-363_SC-70-6,TRANS PREBIAS 2NPN 50V UMT6,Rohm Semiconductor,UMH3NFHATN,DigiKey,UMH3NFHATNCT-ND,https://www.digikey.com/en/products/detail/rohm-semiconductor/UMH3NFHATN/8028268,
Q2,1,BC817,,,,Package_TO_SOT_SMD:SOT-23,Bipolar (BJT) Transistor NPN 45 V 800 mA 100MHz 310 mW Surface Mount SOT-23,MCC (Micro Commercial Components),BC817-40-TP,DigiKey,BC817-40-TPMSCT-ND,https://www.digikey.com/en/products/detail/mcc-micro-commercial-components/BC817-40-TP/1959413,
"R1,R2",2,5k1,,,,Resistor_SMD:R_0402_1005Metric_Pad0.72x0.64mm_HandSolder,RES 5.1K OHM 1% 1/16W 0402,YAGEO,RC0402FR-075K1L,DigiKey,311-5.10KLRCT-ND,https://www.digikey.com/en/products/detail/yageo/RC0402FR-075K1L/726624,
R3,1,10k,,,,Resistor_SMD:R_0402_1005Metric_Pad0.72x0.64mm_HandSolder,RES 10K OHM 1% 1/16W 0402,YAGEO,RC0402FR-0710KL,DigiKey,311-10.0KLRCT-ND,https://www.digikey.com/en/products/detail/yageo/RC0402FR-0710KL/726523,
"R4,R5,R16,R17,R18,R19",6,22R,,,,Resistor_SMD:R_0402_1005Metric_Pad0.72x0.64mm_HandSolder,RES 22 OHM 1% 1/16W 0402,YAGEO,RC0402FR-0722RL,DigiKey,311-22.0LRCT-ND,https://www.digikey.com/en/products/detail/yageo/RC0402FR-0722RL/726562,
"R6,R8,R9,R10,R14,R15",6,1K,,,,Resistor_SMD:R_0402_1005Metric_Pad0.72x0.64mm_HandSolder,RES 1K OHM 1% 1/16W 0402,YAGEO,RC0402FR-071KL,DigiKey,311-1.00KLRCT-ND,https://www.digikey.com/en/products/detail/yageo/RC0402FR-071KL/726513,
"R7,R13,R20",3,10K,,,,Resistor_SMD:R_0402_1005Metric_Pad0.72x0.64mm_HandSolder,RES 10K OHM 1% 1/16W 0402,YAGEO,RC0402FR-0710KL,DigiKey,311-10.0KLRCT-ND,https://www.digikey.com/en/products/detail/yageo/RC0402FR-0710KL/726523,
"R11,R12",2,4K7,,,,Resistor_SMD:R_0402_1005Metric_Pad0.72x0.64mm_HandSolder,RES 4.7K OHM 1% 1/16W 0402,YAGEO,RC0402FR-074K7L,DigiKey,311-4.7KLRCT-ND,https://www.digikey.com/en/products/detail/yageo/RC0402FR-074K7L/2827563,
SW1,1,SW_SPST,,,,Button_Switch_SMD:SW_Push_1P1T_NO_CK_KMR2,SWITCH TACTILE SPST-NO 0.05A 32V,C&K,KMR211G LFS,DigiKey,108-KMR211GLFSCT-ND,https://www.digikey.com/en/products/detail/c-k/KMR211G-LFS/550475,
U1,1,ESP32-WROOM-32D,,,,RF_Module:ESP32-WROOM-32D,"RF Module, ESP32-D0WD SoC, Wi-Fi 802.11b/g/n, Bluetooth, BLE, 32-bit, 2.7-3.6V, onboard antenna, SMD",ESPRESSIF,ESP32-WROOM-32D-N4,LCSC,C473012,https://www.lcsc.com/product-detail/C473012.html?s_z=n_q_ESP32-WROOM-32D&spm=wm.fly.bg.0.xh&lcsc_vid=EQIPUl1eE1RaVwdfElRXBVMFQ1YNV1BWFgQPBQFfFgQxVlNeQFNcU1VXQ1FXXjsOAxUeFF5JWBYZEEoKFBINSQcJGk4NBhADEA4cHktRTlNADxALGw%3D%3D,
U2,1,USBLC6-2P6,,,,Package_TO_SOT_SMD:SOT-666,TVS DIODE 5.25VWM 17VC SOT666,STMicroelectronics,USBLC6-2P6,DigiKey,497-5026-1-ND,https://www.digikey.com/en/products/detail/stmicroelectronics/USBLC6-2P6/1007440,
U3,1,CP2104,,,,Package_DFN_QFN:QFN-24-1EP_4x4mm_P0.5mm_EP2.6x2.6mm,IC SGL USB-TO-UART BRIDGE 24QFN,Silicon Labs,CP2104-F03-GMR,DigiKey,336-4146-1-ND,https://www.digikey.com/en/products/detail/silicon-labs/CP2104-F03-GMR/4069045,
U4,1,Si7021-A20,,,,Package_DFN_QFN:DFN-6-1EP_3x3mm_P1mm_EP1.5x2.4mm,SENS HUMID/TEMP 3.6V I2C 3% 6DFN,Silicon Labs,SI7021-A20-IMR,DigiKey,336-5200-1-ND,https://www.digikey.com/en/products/detail/silicon-labs/SI7021-A20-IMR/5048940,
U5,1,74HC245,,,,Package_DIP:DIP-20_W7.62mm,IC TXRX 2V/6V 20-PDIP,Texas Instruments,CD74HC245E,DigiKey,296-12800-5-ND,https://www.digikey.com/en/products/detail/texas-instruments/CD74HC245E/475927,
U6,1,TLV1117LV-3.3,,,,Package_TO_SOT_SMD:SOT-223-3_TabPin2,"3.3V Positive Fixed SOT-223-3 Voltage Regulators - Linear, Low Drop Out (LDO) Regulators ",TECH PUBLIC,TPTLV1117LV33DCYR,LCSC,C52146079,https://www.lcsc.com/product-detail/C52146079.html?s_z=n_q_l_TLV1117LV-3.3&spm=wm.fly.bg.10.xh___wm.ssy.ml.1-0.ent&lcsc_vid=EQIPUl1eE1RaVwdfElRXBVMFQ1YNV1BWFgQPBQFfFgQxVlNeQFNcUVFeTlFYUTsOAxUeFF5JWBYZEEoKFBINSQcJGk4eFQsCAgIaSgADAwAHC0slQ1ZdV1VUWQkaCgg%3D,
